model,rmse_log1p,mae_log1p,r2_log1p
XGBoost,0.21769517037704494,0.14934496417962412,0.6460023760945629
LinearRegression (baseline),0.23215517441965292,0.16392637953165493,0.5974132340534899
RandomForest,0.23448105918589102,0.15822457650358557,0.589306061608573
Stacking (RF + XGB),0.23853096061501844,0.1669613610270704,0.5749967286780806
